DATE,Coal,Geothermal,Hydroelectric Conventional,Natural Gas,Nuclear,Other,Other Biomass,Other Gases,Petroleum,Solar Thermal and Photovoltaic,Wind,Wood and Wood Derived Fuels
2001-01-01,709148444.0,4917300.0,75408194.0,169554652.0,274828308.0,3966680.0,4834584.0,2873768.0,72447372.0,26000.0,1557000.0,12764848.0
2001-02-01,598941934.0,4292176.0,69891562.0,151867704.0,245089628.0,3487797.0,4385324.0,2702636.0,41366012.0,50272.0,1724968.0,10788604.0
2001-03-01,621076042.0,4760092.0,81908758.0,177457656.0,248562848.0,3724622.0,4756158.0,3076724.0,46932022.0,125992.0,2128480.0,11410160.0
2001-04-01,562682612.0,4379964.0,72051976.0,183370982.0,224012104.0,3829824.0,4748957.0,2791372.0,43453506.0,155036.0,2738782.0,11284028.0
2001-05-01,606371658.0,4285520.0,76702540.0,203736820.0,246049780.0,3945070.0,4842966.0,3138220.0,41559958.0,324212.0,2540116.0,10959732.0
2001-06-01,650463216.0,4351312.0,82910518.0,230412612.0,272092392.0,3910009.0,4899088.0,2932792.0,47291364.0,364572.0,2678536.0,11564100.0
2001-07-01,716241640.0,4714132.0,72316476.0,292120566.0,276664160.0,4088663.0,5143129.0,3360408.0,44168108.0,367976.0,2539968.0,12212716.0
2001-08-01,732464292.0,4668952.0,75655070.0,313639216.0,273557984.0,4191717.0,5139285.0,3390760.0,56917704.0,341196.0,2308824.0,12714760.0
2001-09-01,616633270.0,4556040.0,61024112.0,240724560.0,253513804.0,4015241.0,4805852.0,3069464.0,29369942.0,259212.0,1960916.0,11496676.0
2001-10-01,595723262.0,4646908.0,60938010.0,225505762.0,241843868.0,4098882.0,4858550.0,2948028.0,26135734.0,83252.0,2427316.0,12185864.0
2001-11-01,576467994.0,4628680.0,61651720.0,177962488.0,249366844.0,4161564.0,4767284.0,2794148.0,23722884.0,57156.0,1881792.0,11516428.0
2001-12-01,629609398.0,4760928.0,77385258.0,190163448.0,269723512.0,4205318.0,5011420.0,3079572.0,26156284.0,16144.0,2462628.0,11901704.0
2002-01-01,657432074.0,5149932.0,87179726.0,193651336.0,283703452.0,3951396.0,4933892.0,3690860.0,26761476.0,45280.0,3245606.0,13021288.0
2002-02-01,572195282.0,4528780.0,80766734.0,177233721.0,246633096.0,3925755.0,4344496.0,3038640.0,22655250.0,94260.0,2855727.0,11375840.0
2002-03-01,605942599.0,4979872.0,84035255.0,204857851.0,252162588.0,4032929.0,5007099.0,3615714.0,32869500.0,177588.0,3408408.0,11843160.0
2002-04-01,569218380.0,4458940.0,96986417.0,196585633.0,233748248.0,4127510.0,4646394.0,3559762.0,31334319.0,183432.0,4097667.0,12785385.0
2002-05-01,605625601.0,4863496.0,106650776.0,201100954.0,252128768.0,4163497.0,4988745.0,3638262.0,32507470.0,230560.0,4310562.0,12644745.0
2002-06-01,658670779.0,4603196.0,112851384.0,262524076.0,265487584.0,4530000.0,5190393.0,4034638.0,31183446.0,382172.0,4505261.0,13581957.0
2002-07-01,732778807.0,5048986.0,101882586.0,335669068.0,281683308.0,5983758.0,5511908.0,4284582.0,39651972.0,342148.0,3561818.0,13760899.0
2002-08-01,719821789.0,4908388.0,84335698.0,337907470.0,283110752.0,5315602.0,5584868.0,4466875.0,38947449.0,299700.0,3906766.0,13476455.0
2002-09-01,661465233.0,4780326.0,68347127.0,272644526.0,257923160.0,5001446.0,5141642.0,4213246.0,32301406.0,210432.0,2943315.0,13251955.0
2002-10-01,636397177.0,4940304.0,68685338.0,216803285.0,241972208.0,4772724.0,4851361.0,3630402.0,32463915.0,123824.0,2937419.0,13383878.0
2002-11-01,624214615.0,4757459.0,78920112.0,180643512.0,246081296.0,4241903.0,4859963.0,3576647.0,25146938.0,112700.0,2623787.0,12644688.0
2002-12-01,688759062.0,4945564.0,86674158.0,184401574.0,275621888.0,4061125.0,5114099.0,4101113.0,32446420.0,17228.0,3020778.0,12889900.0
2003-01-01,725252608.0,5030558.0,82400312.0,200702989.0,276844336.0,4262931.0,5311931.0,5131576.0,50568425.0,52868.0,2529361.0,13077181.0
2003-02-01,627929927.0,4521408.0,79119438.0,174186300.0,243767476.0,3572864.0,4653415.0,4526173.0,43081857.0,71320.0,2981498.0,11618973.0
2003-03-01,620007100.0,4851436.0,96809087.0,186796099.0,239733044.0,4202466.0,5358392.0,5067128.0,40889531.0,200108.0,4144416.0,12320299.0
2003-04-01,567839924.0,4665820.0,99035844.0,180781527.0,227102364.0,4209891.0,5273157.0,5218196.0,34322605.0,241236.0,4371068.0,12143662.0
2003-05-01,601051906.0,4674780.0,117581025.0,197491865.0,248807840.0,4292845.0,5205290.0,5239993.0,32210892.0,271848.0,4025532.0,11713144.0
2003-06-01,649138521.0,4891164.0,114345199.0,217811798.0,256722908.0,4153569.0,5159005.0,4941364.0,43998250.0,362728.0,4188579.0,12111048.0
2003-07-01,727409275.0,4911876.0,99372375.0,307753108.0,278611016.0,5410933.0,5616711.0,5168336.0,48803379.0,249628.0,3813584.0,13444547.0
2003-08-01,741327293.0,4877786.0,91888118.0,332998776.0,276095512.0,5970209.0,5533265.0,5136280.0,49912841.0,247968.0,3261715.0,13239466.0
2003-09-01,659640004.0,4813992.0,73921815.0,236359771.0,254334580.0,5322937.0,5212670.0,5237612.0,34654164.0,223428.0,3580219.0,12317529.0
2003-10-01,637291766.0,4781804.0,73713696.0,207296681.0,240064828.0,5260387.0,5122997.0,5164992.0,34440887.0,141744.0,3588648.0,12555565.0
2003-11-01,632892774.0,4604948.0,78861057.0,181311680.0,238400080.0,4936243.0,5139830.0,5805987.0,25918123.0,56124.0,3845727.0,12475898.0
2003-12-01,705165892.0,5071348.0,96177326.0,176139581.0,274446796.0,4582774.0,5661346.0,5762449.0,38821605.0,17004.0,4419527.0,13099088.0
2004-01-01,722629679.0,5179106.0,91933226.0,193013492.0,283224640.0,4438933.0,5051990.0,4728505.0,61736241.0,50440.0,3997781.0,13271441.0
2004-02-01,646012367.0,4856494.0,83654470.0,201279502.0,256407796.0,4337414.0,4892517.0,4774171.0,37463288.0,43448.0,4086278.0,12078148.0
2004-03-01,617153678.0,4964016.0,91657132.0,199204752.0,253140464.0,4609103.0,5165272.0,5166795.0,38927368.0,211716.0,5164897.0,12496468.0
2004-04-01,565883824.0,4645536.0,83551897.0,207287946.0,234481020.0,4581189.0,5164554.0,5380927.0,36167268.0,227608.0,5179429.0,12364016.0
2004-05-01,628065508.0,4830144.0,96078877.0,248087236.0,259669648.0,4864563.0,5436762.0,5209769.0,40943718.0,327104.0,6806606.0,11956767.0
2004-06-01,670567623.0,4898810.0,101009385.0,258742682.0,270936292.0,4866702.0,5223298.0,5333049.0,43365669.0,351504.0,5588824.0,12330114.0
2004-07-01,725967275.0,5110124.0,93273122.0,317160090.0,287900160.0,5204402.0,5306326.0,5136136.0,48391174.0,328412.0,4657481.0,13665888.0
2004-08-01,712725376.0,5028652.0,86367869.0,311282753.0,284273932.0,4799082.0,5314234.0,5160056.0,44312539.0,291384.0,4202874.0,13269405.0
2004-09-01,657011699.0,4753534.0,82101047.0,271415972.0,263728228.0,4451744.0,4954081.0,5363906.0,34708506.0,242528.0,4358461.0,12477666.0
2004-10-01,630420383.0,5105396.0,75451185.0,228915267.0,250121408.0,4563050.0,4993554.0,5074540.0,30664811.0,134084.0,4115496.0,13054490.0
2004-11-01,629743983.0,4848052.0,83748180.0,198772136.0,235763452.0,4709733.0,5031909.0,4862382.0,27497753.0,61368.0,3728814.0,12296658.0
2004-12-01,707020810.0,5024034.0,104842874.0,205238261.0,274466508.0,5503722.0,5147804.0,4819469.0,40401925.0,31032.0,4688036.0,13206456.0
2005-01-01,708055631.0,5008578.0,97088664.0,205350512.0,279312956.0,4298922.0,5113384.0,4504763.0,48760709.0,34672.0,4526275.0,13332302.0
2005-02-01,623272053.0,4252056.0,86427106.0,179650464.0,243787736.0,3798975.0,4493634.0,4304203.0,29258047.0,52328.0,3865928.0,12221176.0
2005-03-01,654450803.0,4817010.0,91744266.0,207587893.0,246154120.0,4143299.0,5111716.0,4857950.0,33407598.0,152628.0,6242504.0,13150865.0
2005-04-01,572332954.0,4748536.0,92233432.0,208065139.0,221936040.0,3933773.0,4890170.0,4485836.0,27808606.0,233052.0,6790018.0,12142186.0
2005-05-01,615831849.0,5057234.0,109114046.0,219304015.0,251881856.0,4185846.0,5404610.0,4765216.0,26855668.0,324609.0,6985719.0,12402793.0
2005-06-01,699467987.0,4992224.0,107131957.0,302541973.0,264577100.0,4349604.0,5316536.0,4596563.0,43135434.0,353904.0,7187700.0,12694019.0
2005-07-01,744363032.0,5090788.0,103827369.0,387277646.0,284280044.0,4810901.0,5524916.0,4643528.0,52132974.0,289316.0,5683771.0,13669776.0
2005-08-01,750295020.0,5015140.0,86262718.0,403146618.0,285526200.0,5282832.0,5392106.0,4687246.0,58110084.0,303380.0,4552123.0,13681653.0
2005-09-01,686624869.0,4890636.0,69454735.0,293421938.0,266955916.0,4261004.0,5132025.0,4581107.0,49116605.0,244432.0,5873389.0,13035135.0
2005-10-01,649747169.0,4988816.0,72025440.0,223763522.0,244942388.0,3797677.0,4821506.0,4320268.0,40711880.0,150660.0,5784757.0,12982436.0
2005-11-01,635190105.0,4878442.0,77410671.0,197760907.0,251650836.0,4046268.0,5160834.0,3860762.0,27469766.0,51020.0,6438765.0,12759404.0
2005-12-01,711860724.0,5027518.0,88564628.0,215970410.0,286940268.0,4375118.0,5320152.0,4249150.0,52132689.0,11172.0,7311258.0,13353911.0
2006-01-01,676944321.0,4918268.0,109746622.0,175227682.0,287646128.0,4286202.0,5552939.0,4627550.0,24543825.0,51740.0,9530532.0,13686453.0
2006-02-01,634464751.0,4443268.0,99046738.0,189635957.0,250462616.0,3864855.0,5081409.0,4455094.0,19693712.0,78132.0,7687835.0,12205438.0
2006-03-01,645300460.0,5045160.0,98498436.0,219686966.0,254883396.0,4506504.0,5377362.0,4934050.0,16053853.0,133616.0,9434526.0,12805555.0
2006-04-01,565704931.0,4516356.0,114222730.0,224363429.0,230268816.0,4301236.0,4907615.0,4720086.0,18760616.0,208296.0,9887051.0,11920466.0
2006-05-01,628039023.0,4382408.0,123273768.0,262342420.0,251102804.0,4477767.0,5485424.0,5181776.0,17679545.0,282940.0,9834733.0,12157181.0
2006-06-01,678773917.0,4796708.0,119029138.0,324240834.0,273565888.0,4258205.0,5312155.0,4668264.0,23065787.0,278808.0,8207064.0,12535080.0
2006-07-01,751283484.0,5045408.0,101757570.0,432374056.0,288745976.0,4509915.0,5596261.0,5069137.0,28008312.0,246624.0,7820262.0,13777241.0
2006-08-01,757819727.0,5155836.0,86913412.0,426366670.0,288064380.0,4484585.0,5555554.0,5166363.0,33438777.0,331972.0,6620746.0,13911655.0
2006-09-01,646361418.0,4877834.0,68805843.0,290693397.0,266569308.0,4232489.0,5230532.0,4611538.0,18581487.0,215960.0,7516576.0,13040675.0
2006-10-01,645558639.0,5100908.0,68220702.0,282560166.0,230037224.0,4428839.0,5329940.0,4741570.0,19570438.0,129132.0,9768519.0,12850273.0
2006-11-01,637758071.0,4829752.0,81086891.0,213758770.0,245569284.0,4209150.0,5435292.0,4258399.0,18987457.0,62744.0,10161958.0,12727720.0
2006-12-01,694035805.0,5160208.0,86383805.0,224512738.0,281958724.0,4337856.0,5529646.0,4273394.0,18281844.0,10852.0,9886756.0,13430648.0
2007-01-01,702957750.0,5182470.0,104178834.0,245898125.0,296024736.0,4087656.0,5482846.0,4616475.0,23976674.0,51368.0,9809260.0,14144432.0
2007-02-01,654411251.0,4489960.0,74266531.0,230488285.0,260899176.0,3676404.0,4800855.0,3925617.0,35534701.0,76976.0,10079175.0,12060509.0
2007-03-01,639244299.0,4816520.0,96653819.0,224815285.0,257220612.0,4071600.0,5492280.0,4935562.0,21662564.0,193952.0,12188371.0,12422786.0
2007-04-01,584998166.0,4631900.0,95562333.0,240611389.0,229205696.0,3888517.0,5014477.0,4652366.0,20321147.0,217856.0,12686817.0,12220952.0
2007-05-01,630053115.0,4618832.0,104187910.0,265878807.0,260098220.0,4104789.0,5394877.0,4698295.0,19493770.0,336768.0,11809364.0,12324111.0
2007-06-01,694051539.0,4952712.0,91266436.0,326045795.0,275692296.0,4135611.0,5569744.0,4614762.0,23108181.0,337832.0,10481666.0,12853766.0
2007-07-01,740215145.0,5001528.0,89911043.0,389930707.0,290954140.0,4196823.0,5772228.0,4616509.0,21975179.0,343172.0,8633487.0,13734540.0
2007-08-01,760539266.0,5018312.0,79762200.0,485353712.0,291003640.0,4278727.0,5758159.0,4526602.0,28746480.0,300652.0,10797457.0,13704139.0
2007-09-01,677565095.0,4870904.0,58970136.0,354126456.0,270314312.0,3980790.0,5600820.0,4478942.0,19743147.0,272851.0,11466885.0,13159050.0
2007-10-01,648937428.0,5058184.0,59185729.0,313432097.0,246758168.0,4221217.0,5702591.0,4534197.0,18987497.0,196932.0,13506160.0,12982409.0
2007-11-01,637529821.0,4843892.0,62728209.0,242547196.0,259597112.0,3868982.0,5700529.0,4124849.0,12545865.0,97205.0,12380145.0,13093277.0
2007-12-01,695319464.0,5063638.0,73366706.0,267231320.0,287930904.0,4413424.0,5808809.0,4089242.0,16860678.0,21606.0,13960923.0,13356153.0
2008-01-01,731502013.0,4835352.0,83116526.0,290399611.0,282938280.0,3804367.0,5626837.0,4252683.0,17991265.0,65153.0,17092743.0,13350956.0
2008-02-01,666665421.0,4346732.0,75155553.0,240168048.0,260521540.0,3754609.0,5457844.0,3889323.0,14677380.0,143363.0,15406994.0,12040105.0
2008-03-01,642972970.0,5003202.0,86675755.0,248682315.0,258865872.0,3918207.0,5889809.0,4197812.0,12605998.0,298397.0,19128081.0,12492868.0
2008-04-01,587932102.0,4872484.0,88935736.0,252184398.0,229330864.0,4033073.0,6014075.0,4084921.0,13601853.0,376564.0,20901130.0,11719753.0
2008-05-01,619663606.0,5035662.0,108884593.0,249081791.0,259303604.0,4226050.0,5899632.0,4175970.0,13591711.0,394978.0,21361132.0,11707910.0
2008-06-01,684173122.0,5041208.0,116709710.0,338479906.0,281277464.0,4326412.0,6007552.0,4528755.0,19847865.0,512654.0,20561503.0,12456421.0
2008-07-01,746933828.0,5115016.0,102220350.0,401283518.0,297273080.0,4430060.0,6433704.0,4697598.0,16626401.0,443514.0,16033600.0,13307007.0
2008-08-01,722305976.0,5090860.0,84917118.0,398693979.0,290468264.0,4264527.0,6117980.0,4587779.0,15243318.0,421128.0,13057623.0,13369793.0
2008-09-01,645425391.0,4934746.0,64712766.0,316544130.0,268215468.0,3725796.0,5706577.0,3291805.0,16683979.0,370390.0,12445807.0,12236689.0
2008-10-01,607362859.0,5107422.0,61879773.0,293133363.0,251281412.0,3562636.0,5958468.0,3224310.0,13144518.0,240973.0,19025604.0,12255813.0
2008-11-01,617124787.0,4933168.0,62671735.0,245816797.0,253632580.0,3501453.0,5797180.0,2883804.0,13380645.0,115394.0,19974583.0,12309582.0
2008-12-01,671142920.0,5044052.0,83445965.0,257454588.0,291725312.0,3667462.0,6025388.0,3012734.0,17575514.0,74748.0,26463599.0,11952523.0
2009-01-01,687700604.0,5155240.0,93961183.0,265560451.0,296409956.0,3745415.0,5849595.0,3226967.0,24414423.0,28758.0,23803300.0,12120565.0
2009-02-01,563663141.0,4671116.0,71248120.0,248555414.0,256908844.0,3498175.0,5429812.0,3135919.0,13270956.0,121777.0,23408699.0,11291308.0
2009-03-01,542121317.0,5201340.0,87309815.0,272810975.0,268962268.0,3934209.0,6212363.0,3337896.0,13397202.0,312429.0,28396249.0,11675736.0
2009-04-01,503739894.0,4888416.0,103079230.0,244634696.0,237633628.0,3948686.0,6169345.0,3031508.0,11226496.0,397663.0,29830788.0,10657488.0
2009-05-01,526692233.0,4940746.0,118238623.0,272582590.0,261581808.0,4140130.0,6088878.0,3090702.0,12834833.0,441697.0,25047846.0,10938709.0
2009-06-01,592347085.0,4835196.0,116933576.0,336820727.0,278938944.0,4153066.0,6233600.0,3503151.0,12972130.0,413652.0,22397687.0,11989808.0
2009-07-01,632935475.0,5021600.0,93538989.0,407575327.0,291795916.0,4243583.0,6513936.0,3865036.0,13431289.0,484751.0,19819770.0,12908473.0
2009-08-01,653041932.0,5004874.0,78321664.0,436958222.0,288978388.0,4257432.0,6415127.0,4046587.0,14567982.0,465168.0,21857893.0,13420539.0
2009-09-01,548578589.0,4867130.0,69434858.0,368506472.0,263007176.0,3868647.0,6005052.0,4089071.0,11412125.0,379975.0,18602831.0,12242672.0
2009-10-01,559822311.0,4884316.0,78764273.0,290410904.0,232083708.0,3868768.0,6132742.0,3839150.0,10240446.0,272402.0,27254505.0,12128345.0
2009-11-01,547238298.0,5093060.0,84030808.0,253140534.0,236276832.0,3999178.0,6289251.0,3641730.0,8289135.0,161608.0,27500734.0,12195646.0
2009-12-01,665736141.0,5471600.0,98919236.0,286358425.0,282840872.0,4056053.0,6430705.0,3720721.0,9689038.0,84836.0,27624241.0,12631272.0
2010-01-01,693280645.0,5247358.0,89532295.0,296690944.0,290277364.0,4056968.0,6011054.0,3637566.0,17392801.0,39468.0,27417354.0,12504657.0
2010-02-01,612176628.0,4636152.0,82359325.0,264792318.0,260981480.0,3636611.0,5528965.0,3300623.0,9492387.0,131294.0,21727433.0,11578254.0
2010-03-01,577622533.0,5226384.0,83542655.0,253722648.0,258538884.0,4008183.0,6366680.0,4038695.0,9880847.0,303997.0,34356302.0,12361109.0
2010-04-01,507807542.0,4961004.0,76386658.0,258576102.0,230444292.0,3982607.0,6232590.0,3770504.0,9145403.0,449119.0,39057827.0,11728378.0
2010-05-01,573089972.0,5242192.0,100316869.0,294661753.0,266633460.0,4238666.0,6306518.0,4068857.0,11976085.0,612689.0,34790104.0,11571792.0
2010-06-01,661965954.0,5054704.0,119415305.0,369073732.0,273205288.0,4613568.0,6507060.0,3857137.0,15957008.0,704211.0,32196081.0,12374827.0
2010-07-01,718401996.0,5094464.0,98067039.0,458496805.0,287653872.0,4584043.0,6560295.0,3852283.0,17645543.0,645525.0,26895568.0,13232698.0
2010-08-01,710981273.0,5187648.0,80476926.0,484605075.0,286296412.0,4632244.0,6568764.0,4243637.0,14301849.0,625572.0,26743424.0,13274905.0
2010-09-01,594982685.0,5010276.0,69060828.0,372016714.0,277484780.0,4465697.0,6298756.0,3814765.0,11130723.0,550327.0,28422006.0,12628276.0
2010-10-01,529079344.0,4888000.0,70731907.0,310953346.0,251003332.0,4359363.0,6188257.0,3231744.0,8910221.0,301741.0,31775226.0,12011082.0
2010-11-01,540740179.0,5009320.0,78246202.0,276906241.0,250620824.0,4317571.0,6501357.0,3628551.0,8317770.0,307182.0,38990475.0,12320815.0
2010-12-01,669032337.0,5319348.0,92676287.0,310293295.0,294733216.0,4525839.0,6598556.0,3806795.0,14093412.0,177605.0,36237192.0,13101842.0
2011-01-01,683210717.42,5404520.38,102124377.89,297017335.4,290971252.0,4268393.15,6059353.46,3719152.74,13828433.76,159126.31,34201979.230000004,13159704.99
2011-02-01,553244628.98,4875148.84,96524904.22,263695931.72,259156312.0,4091316.58,5706687.11,3229898.98,9736638.37,341194.18,41806247.6,11748115.22
2011-03-01,539380925.65,5366629.76,124537883.04,263788481.81,262646392.0,4712879.8,6260125.37,3781377.86,10769851.37,489198.49,42178584.21,12322202.48
2011-04-01,497953030.05,4971690.0,124777226.06,280115995.79,218189352.0,4548035.56,6010174.100000001,3670144.32,9695107.86,656024.91,49686627.31,11191845.8
2011-05-01,548406260.03,5286596.22,130347704.4,300971187.25,228051656.0,4823315.41,6252716.88,3498565.21,9513895.64,762676.5,47088643.05,11177368.129999999
2011-06-01,632220850.4300001,4873431.38,128604857.33,362764446.36,261080536.0,4928034.37,6526629.29,4051151.4299999997,10374860.48,891092.41,43940276.53,12920246.01
2011-07-01,706343278.58,5092000.7,125138538.33,478494364.67,289379400.0,5220025.39,6758961.68,4392171.6,12616266.44,764406.21,29954516.24,13447737.81
2011-08-01,685122135.66,5114457.8,103054313.00999999,479423170.48,285354264.0,4904783.89,6769572.67,4348589.819999999,10377235.4,916650.97,29894376.099999998,13535023.83
2011-09-01,563764596.5,4917492.28,85510367.0,366956280.47,267395416.0,4512059.24,6356350.17,4017982.27,9695441.67,742879.38,27476117.25,12713856.1
2011-10-01,506507891.36,5138526.56,79149558.50999999,315276828.5,253347880.0,4686250.25,6523879.59,3764264.6799999997,8248304.319999999,635439.79,42101715.85,11815643.71
2011-11-01,485850843.17,5100722.3,82722109.84,301765192.83000004,257895520.0,4730564.32,6737608.03,3771424.82,7130405.79,429479.44,49754212.589999996,12351551.67
2011-12-01,531714864.69,5314087.899999999,94927774.92,344486503.29,287349488.0,4997708.56,6924995.46,4020077.98,8742541.69,482614.43,42623098.96,13412971.82
2012-01-01,516363959.42,5053008.84,92428722.77,363043535.18,289524744.0,4547708.29,6404600.94,4066396.33,9908632.23,381279.47,54529581.3,13254728.85
2012-02-01,455488187.62,4773317.9799999995,81133685.18,362439129.47,255388092.0,4287416.18,6015871.85,4176930.4099999997,7606981.390000001,540961.44,44207927.74,12445818.88
2012-03-01,422102187.19,5140597.96,103634146.91,369002613.18,246914452.0,4560048.48,6493908.45,4305086.36,6165416.63,924913.62,56105768.43,12135939.219999999
2012-04-01,385141762.78,4993197.02,105176495.84,379314385.58,223483724.0,4362212.24,6332911.99,4228859.29,6012933.61,1274893.3,50836956.54,10815627.21
2012-05-01,463930586.41,5215982.0,114570060.68,429407249.3,248325780.0,4799681.5200000005,6614746.23,4008543.2,6919264.8,1850387.4100000001,50162090.32,11749262.49
2012-06-01,525044144.3,5109921.24,106635004.43,462390013.08,260560340.0,4663322.43,6446151.94,3889641.7,8270789.0,2108270.57,47889214.8,12324754.389999999
2012-07-01,641801050.18,5282591.36,105965121.60000001,555451399.98,276517316.0,4873674.48,6884930.58,4168105.7800000003,9358795.15,2038041.1600000001,35286166.15,13407387.96
2012-08-01,608724220.7,5215354.52,92136058.92,526943457.79,278408444.0,4710060.609999999,6902221.7700000005,4199760.89,8471929.56,1845643.52,33875647.57,13481114.48
2012-09-01,502354432.3,5199931.2,70414921.76,432049202.83,258043528.0,4538887.84,6504374.42,3614681.57,7440787.95,1832410.64,35158664.15,12909862.73
2012-10-01,483997355.13,5316596.8,66002439.33,366901482.33,238972872.0,4541891.77,6863196.92,3579833.2800000003,7220495.6,1725707.97,50542565.31,12451514.35
2012-11-01,514908262.96000004,5388206.84,74929407.79,320677844.39,226851028.0,4559155.05,6736017.64,3501979.96,7239445.85,1389103.83,46594361.7,12761198.78
2012-12-01,536315630.42,5560996.76,91934829.0,335956389.69,274334676.0,4704208.46,7093215.350000001,3850521.89,8142695.24,1395088.53,58097868.07,13459307.61
2013-01-01,552419284.38,5527521.15,99314110.42,354236200.43,285623268.0,4390256.96,6753093.26,4574383.35,11098878.84,1239295.47,58954017.08,13598994.96
2013-02-01,494187219.44,4944941.12,81673860.63,321132295.14,245933540.0,4080928.0,6011560.71,3872905.68,7988343.77,1730570.53,56302362.72,12332112.96
2013-03-01,522534241.52,5512865.12,82137432.13,338901036.86,251789556.0,4572816.67,7028589.78,4280209.7,7988146.85,2477596.09,63022613.519999996,13199088.34
2013-04-01,447338730.18,5096633.069999999,100388419.0,312145727.42,227067528.0,4095690.77,6722150.9399999995,4078903.76,7541850.54,2666955.23,69905097.16,11452555.73
2013-05-01,478050000.08,5230845.64,113800376.51,335262367.56,251392620.0,4438199.04,7124814.149999999,4351758.96,9646350.84,3010825.9699999997,64954808.56,12695735.13
2013-06-01,553132864.27,5113017.88,109536266.34,398460257.36,265718760.0,4499994.27,6907831.55,4190124.86,9368279.0,3482740.14,54992423.04,13320922.98
2013-07-01,611467410.82,5347528.88,109018286.08,483083923.32,282156952.0,4804318.44,7189065.8,4593013.81,11249225.51,3315389.1,44374454.21,14144787.91
2013-08-01,597704211.7,5289745.78,86533262.5,484625587.94,285377516.0,4866557.04,7389841.649999999,4572265.33,9793997.290000001,3776367.0,38535534.78,14536134.22
2013-09-01,532441749.28000003,5197198.649999999,67844609.24,408252933.45,263195884.0,4726128.79,6863070.33,4346509.8,8744727.47,3795114.67,46696324.68,13413556.66
2013-10-01,483985571.87,5453997.04,68794376.64,354349606.16,252734132.0,4738572.54,6922068.59,4286070.16,8073741.97,3950133.72,54540072.37,13363899.549999999
2013-11-01,483758919.07,4921924.19,70707335.44,337147139.75,259901824.0,4573218.68,7061478.46,4241490.38,7358937.2,3297408.78,63213038.78,13628021.36
2013-12-01,567438661.61,5462477.99,84513196.79,371745165.25,285174312.0,4563406.51,7348394.07,4024113.03,9805296.99,3400085.34,55868235.33,14424338.66
2014-01-01,629263147.08,5676664.399999999,86543139.28,363704755.45,292256340.0,4037091.17,7006480.6,3773101.89,28886434.169999998,3265015.42,72066771.94,14805577.75
2014-02-01,574551055.34,5087656.27,69797238.34,301796596.32,250555800.0,3508426.63,5937797.25,3039516.54,11225929.51,3584143.15,55903698.99,13306396.54
2014-03-01,547124475.4200001,5601837.37,96875753.92,311798808.63,249588320.0,4142965.13,7206450.01,3389277.08,13192299.69,5648958.43,71012837.78,14549100.32
2014-04-01,438363903.02,5511448.1,100212384.48,306913309.67,225538352.0,3970149.04,7131854.55,3136059.81,6884365.72,6533509.11,74925582.63,13003199.809999999
2014-05-01,476132839.49,5602009.64,105625237.85000001,354057204.72999996,251789720.0,4283537.5200000005,7125689.78,3744402.12,8128769.34,7502638.9,62074536.44,13671830.36
2014-06-01,552239138.11,5439699.66,103257033.42,393765190.43,272552928.0,4277680.0,7068165.87,3849148.61,8136323.76,8145090.6,62750578.39,14698882.76
2014-07-01,600027952.0600001,5537257.91,97040526.84,458328635.09,287760504.0,4433068.11,7546838.74,4276968.86,8208115.68,7377926.04,48421843.16,15350838.18
2014-08-01,595526812.44,5526921.72,79029947.13000001,487396032.47,284514984.0,4543078.68,7455774.74,4257340.54,8296549.77,7656266.45,40789224.62,15135422.36
2014-09-01,505936492.52,5473085.47,63733403.12,425180780.8,270138000.0,4280663.92,7003530.17,4416149.43,7655990.31,7485058.7,45916053.22,14098867.11
2014-10-01,447353102.78000003,5587452.5200000005,68351548.92999999,388499684.11,249563952.0,4234957.34,7234656.37,4137149.35,6013030.76,6718014.9799999995,58301799.25,14033452.6
2014-11-01,477405701.38,5697892.29,74848042.79,335959645.25,260560740.0,4181349.77,7190152.48,4049598.58,6962353.02,5429811.53,76219623.5,14375842.37
2014-12-01,498861833.94,5771812.81,89681537.53,360309450.75,293450192.0,4410848.76,7168871.59,4242639.86,8365311.3,3939383.63,58783007.63,15170037.280000001
2015-01-01,529802084.0,5447662.0,96553536.0,406749573.0,297079896.0,4478348.0,6899077.0,4985374.0,11891866.0,4621401.0,60648585.0,14867468.0
2015-02-01,507907328.0,5040396.0,89144303.0,365260651.0,253845972.0,3940494.0,6096709.0,4099925.0,25282472.0,5934214.0,59686191.0,13487763.0
2015-03-01,433950144.0,5575974.0,97123620.0,397690884.0,258187196.0,4203342.0,6849153.0,4362404.0,7113957.0,8289029.0,61231713.0,13827357.0
2015-04-01,355956572.0,5089714.0,89883908.0,371223994.0,239137980.0,4383073.0,6917023.0,3917334.0,6910730.0,9516473.0,71468596.0,12985617.0
2015-05-01,418338116.0,5560602.0,80501664.0,406065423.0,263306100.0,4738374.0,7195019.0,4394897.0,7755100.0,10016597.0,68605366.0,13351235.0
2015-06-01,502692457.0,5206430.0,81656333.0,485910998.0,274064660.0,4748573.0,7136310.0,4470436.0,7441983.0,10230397.0,53685066.0,13984410.0
2015-07-01,556399469.0,5426908.0,84056888.0,564476331.0,285648704.0,5171208.0,7955108.0,4941774.0,9216719.0,10508256.0,54701797.0,15225912.0
2015-08-01,538681237.0,5376572.0,76488423.0,556335010.0,289661408.0,5201542.0,7685710.0,4782310.0,8532834.0,10750215.0,52320104.0,15152965.0
2015-09-01,471942529.0,4811446.0,64376489.0,492143694.0,265905488.0,4727337.0,7221951.0,4840482.0,8137226.0,8868498.0,55886271.0,13801367.0
2015-10-01,387034014.0,5292128.0,66521599.0,440020157.0,242283684.0,4817797.0,7372616.0,3625911.0,7084761.0,7638317.0,65520160.0,13008865.0
2015-11-01,348908541.0,5334512.0,77351324.0,408945018.0,241055764.0,4788009.0,7607782.0,3606675.0,6839555.0,6918649.0,78726862.0,13671494.0
2015-12-01,357980296.0,5507952.0,92662250.0,439106710.0,278534656.0,4913134.0,7877018.0,4439272.0,6787771.0,6279577.0,80393495.0,14349561.0
2016-01-01,453837517.0,5328022.0,102458177.0,440174992.0,290099100.0,4612213.0,7178197.0,4779403.0,9445809.0,5943208.0,73865599.0,14401052.0
2016-02-01,370819233.0,4973533.0,96556056.0,394208717.0,262552564.0,4164346.0,6833212.0,4246231.0,8837213.0,8966252.0,80552913.0,13625561.0
2016-03-01,288690107.0,5260636.0,109559510.0,415559748.0,264595576.0,4359737.0,7236870.0,4789412.0,7204221.0,10469813.0,87757639.0,13611334.0
2016-04-01,288451447.0,4835879.0,103512118.0,395503790.0,250927380.0,4436996.0,7245941.0,4528004.0,7356207.0,11518731.0,83197212.0,11868016.0
2016-05-01,326778041.0,5367362.0,101945524.0,441720774.0,266305972.0,4780261.0,7636038.0,4213264.0,7832616.0,13700729.0,75391599.0,12748514.0
2016-06-01,464137535.0,5005569.0,92947474.0,525580921.0,268701296.0,4721307.0,7177866.0,4172874.0,7907161.0,13893996.0,65213765.0,13654250.0
2016-07-01,545265734.0,5244860.0,85821286.0,606215484.0,281397388.0,4899960.0,7361640.0,4307411.0,9286199.0,15779176.0,70473427.0,14630793.0
2016-08-01,542538935.0,5297056.0,78278192.0,619038697.0,286105620.0,4991250.0,7441229.0,4255691.0,9341850.0,15876743.0,54357308.0,14888946.0
2016-09-01,456551075.0,5306702.0,65470733.0,502410963.0,261792704.0,4670428.0,7026541.0,4081315.0,7704542.0,14540274.0,65614567.0,13629432.0
2016-10-01,396775774.0,5412669.0,69355424.0,411591947.0,242933372.0,4432863.0,6772417.0,3652970.0,6285510.0,12764892.0,81341562.0,12704332.0
2016-11-01,347761858.0,5455395.0,75233061.0,375767340.0,260715104.0,4391297.0,7565002.0,4053307.0,7476292.0,11068584.0,77622576.0,13564886.0
2016-12-01,474987369.0,5815533.0,90111058.0,385454386.0,286649716.0,4556290.0,7777967.0,4149850.0,8141622.0,9694088.0,92582094.0,14461795.0
2017-01-01,461331235.0,5627868.0,106511525.0,382288923.0,292482448.0,4368947.0,7589563.0,4186259.0,8183104.0,9295946.0,83195083.0,14008715.0
2017-02-01,347288761.0,4955489.0,95527058.0,331070603.0,254241484.0,3969035.0,6788472.0,3910578.0,6367537.0,11004798.0,88364441.0,12742087.0
2017-03-01,357458478.0,5548738.0,118452782.0,380294652.0,260372800.0,4244459.0,7390276.0,4240989.0,6621977.0,18056341.0,102922471.0,13823211.0
2017-04-01,325341252.0,5364882.0,117637860.0,353820408.0,226973408.0,4200608.0,6966760.0,4005443.0,5162676.0,19626711.0,101511768.0,12585501.0
2017-05-01,371106158.0,5207433.0,130428466.0,392077252.0,245251012.0,4354661.0,7399185.0,4223005.0,7267982.0,23140110.0,92270556.0,12753818.0
2017-06-01,430033287.0,5135000.0,122301180.0,468942797.0,268043128.0,4396696.0,7186078.0,3971903.0,7571452.0,24461514.0,80566989.0,13748049.0
2017-07-01,510791279.0,5490814.0,106392988.0,587717755.0,285256876.0,4826718.0,7295113.0,4189960.0,7238376.0,22276429.0,64479986.0,14811581.0
2017-08-01,477953537.0,5451987.0,88135428.0,564804555.0,289536872.0,4868042.0,7299562.0,4533040.0,6932427.0,21474147.0,55515392.0,15002277.0
2017-09-01,392808185.0,5326008.0,76607031.0,472143412.0,272391672.0,4135697.0,6810188.0,4237768.0,6572146.0,20237765.0,71647100.0,13167005.0
2017-10-01,359102099.0,4856496.0,70792721.0,427305109.0,263979140.0,4122958.0,6911410.0,3992665.0,6181385.0,18598694.0,97474816.0,13213043.0
2017-11-01,363945350.0,5218739.0,79553333.0,379713365.0,266471412.0,4317827.0,7219366.0,4004168.0,6679430.0,12834993.0,90459469.0,13704339.0
2017-12-01,426181467.0,5523640.0,88991368.0,445591174.0,294798288.0,4578829.0,7583591.0,4380090.0,10781296.0,12140015.0,88802723.0,14934454.0
2018-01-01,477136460.0,5365230.0,100256305.0,441171634.0,298596160.0,4437002.0,7266431.0,4386485.0,26079595.0,13275900.0,102395295.0,14743962.0
2018-02-01,328200738.0,5096372.0,99609026.0,394047406.0,259160120.0,3977110.0,6864263.0,4368486.0,6230506.0,15585653.0,92757963.0,12939804.0
2018-03-01,322502651.0,5467012.0,103442412.0,426095120.0,268130624.0,4432410.0,7287058.0,4633478.0,5887367.0,20224947.0,105854820.0,14189768.0
2018-04-01,293384025.0,4751747.0,112460621.0,393484322.0,236532620.0,4112260.0,6902787.0,4394045.0,6153113.0,24226908.0,105723432.0,12407479.0
2018-05-01,340909196.0,5530480.0,121777135.0,461135928.0,269280992.0,4279070.0,6926245.0,4669057.0,6227224.0,27396050.0,95812509.0,13406861.0
2018-06-01,406013713.0,5199342.0,110389956.0,523305602.0,278750224.0,4417148.0,6879985.0,4365038.0,7602279.0,29658668.0,98811426.0,13882995.0
2018-07-01,461505505.0,5478444.0,100398122.0,658996239.0,289824036.0,4442548.0,7000127.0,4686483.0,7604033.0,27019505.0,65786298.0,14997827.0
2018-08-01,460517830.0,5468222.0,88067624.0,646704970.0,289129868.0,4583973.0,7030080.0,5204010.0,7706822.0,26781627.0,79385747.0,14519205.0
2018-09-01,386175968.0,5311629.0,76662484.0,567142109.0,258899012.0,4017917.0,6358234.0,4417433.0,7416109.0,23843608.0,74078683.0,13122469.0
2018-10-01,349054507.0,5092360.0,78192768.0,492568959.0,237587620.0,4337853.0,6973542.0,4064010.0,6306842.0,19878767.0,84775590.0,12863780.0
2018-11-01,371274380.0,5323373.0,87650864.0,432670544.0,255817480.0,4298357.0,6897183.0,4180479.0,6644535.0,14971054.0,88062934.0,13054282.0
2018-12-01,401274404.0,5784324.0,91188643.0,439207903.0,286629152.0,4557175.0,7197151.0,4481991.0,7044071.0,12438561.0,97225131.0,13616213.0
2019-01-01,403618815.0,5559745.0,99191233.0,486327107.0,294803376.0,4774607.0,6688990.0,4098705.0,8882219.0,14320835.0,96993390.0,13861134.0
2019-02-01,319717639.0,5170312.0,91522158.0,448541890.0,258859576.0,4011745.0,5990835.0,3790537.0,6056257.0,15343090.0,90186259.0,12169010.0
2019-03-01,313406284.0,5689995.0,105335938.0,463224295.0,260318764.0,4320734.0,6498368.0,4342192.0,5602353.0,23594502.0,102709786.0,12866548.0
2019-04-01,239689837.0,5016015.0,111280703.0,416212640.0,242323708.0,4059986.0,6038285.0,3790728.0,4754931.0,27009108.0,115415159.0,11228703.0
2019-05-01,287538498.0,5367344.0,127928159.0,468210459.0,268494184.0,4466956.0,6255223.0,4216054.0,6738818.0,28647590.0,102780762.0,12202474.0
2019-06-01,314158030.0,5313053.0,112311050.0,551311222.0,275219516.0,4404752.0,6325366.0,4036165.0,6114747.0,31884369.0,89540126.0,12634856.0
2019-07-01,403083143.0,5501440.0,99501595.0,687767844.0,288794380.0,4626694.0,6467528.0,4741452.0,7201055.0,32530557.0,88171537.0,13993639.0
2019-08-01,376158811.0,5572612.0,90314666.0,699821484.0,287642736.0,4842841.0,6542871.0,4589404.0,6953896.0,31506223.0,79803943.0,14154480.0
2019-09-01,342826761.0,5470446.0,74103039.0,598750641.0,264254320.0,4568241.0,6118390.0,4447881.0,6048676.0,27268884.0,97790338.0,12843376.0
2019-10-01,267108927.0,4564208.0,73223257.0,523762640.0,248130488.0,4400270.0,6293571.0,3695856.0,4602494.0,24373871.0,110083625.0,12251759.0
2019-11-01,302197355.0,3934126.0,80870393.0,471615789.0,256501700.0,4327911.0,6101823.0,4186142.0,4960190.0,17455971.0,100167791.0,12547371.0
2019-12-01,290322946.0,4731578.0,85912723.0,527321146.0,292294300.0,4532319.0,6533033.0,4429272.0,5837095.0,13812298.0,105982565.0,13420187.0
2020-01-01,260559037.0,4590124.0,97991428.0,543620697.0,296678584.0,4371972.0,6616682.0,4621686.0,6193489.0,17835508.0,112485645.0,13299022.0
2020-02-01,224805873.0,4920711.0,103472245.0,511444868.0,263642296.0,3885136.0,6048894.0,4608260.0,5156601.0,22245637.0,116441969.0,12474874.0
2020-03-01,202922513.0,5860676.0,95292070.0,503581637.0,255988840.0,4366114.0,6586160.0,4189529.0,5580554.0,25398574.0,117279134.0,12676229.0
2020-04-01,162700810.0,5515787.0,92777419.0,441166139.0,236680064.0,4292268.0,6230398.0,3208251.0,4957674.0,31682918.0,119008919.0,11376073.0
2020-05-01,186106508.0,5449076.0,119904648.0,467734017.0,257351880.0,4359900.0,6358084.0,3537033.0,5205680.0,38613618.0,113510019.0,11671688.0
2020-06-01,261132680.0,5096485.0,111997536.0,571289988.0,268820332.0,4073649.0,5825581.0,3466153.0,6473105.0,38616027.0,120849622.0,11290896.0
2020-07-01,358837934.0,5325148.0,106967120.0,724992392.0,277541760.0,4370306.0,6165818.0,3749311.0,7005309.0,42439090.0,91464794.0,12083792.0
2020-08-01,364581651.0,5292096.0,93134235.0,693517614.0,275928748.0,4429070.0,6243251.0,4374161.0,6697294.0,37261687.0,92117321.0,12634840.0
2020-09-01,273626983.0,5152021.0,74715251.0,564620579.0,262909268.0,4063561.0,5931519.0,4051691.0,4776061.0,30929296.0,92743912.0,11576747.0
2020-10-01,239218352.0,5150242.0,75241629.0,524931803.0,237449860.0,4268471.0,5956009.0,3670988.0,4908579.0,28340741.0,115290646.0,11356068.0
2020-11-01,244728749.0,5595156.0,83570638.0,438603208.0,247039908.0,4266136.0,5810591.0,3799270.0,5646151.0,23066073.0,132517622.0,11805629.0
2020-12-01,314350524.0,5611262.0,86031388.0,510697058.0,279483912.0,4674171.0,6197738.0,3997579.0,6763574.0,20365700.0,128042583.0,12595508.0
2021-01-01,324959116.0,5387014.0,98240158.0,506253709.0,286929852.0,4437176.0,6379823.0,4139459.0,6539683.0,22237350.0,120241879.0,12915607.0
2021-02-01,349881998.0,5148887.0,80546038.0,444734193.0,251816640.0,3682604.0,5595686.0,3278555.0,8992961.0,25322047.0,106862001.0,11436723.0
2021-03-01,247615857.0,4967238.0,84881741.0,427994701.0,254832952.0,4239461.0,6295235.0,3440585.0,5743000.0,37185361.0,156820991.0,12433731.0
2021-04-01,215824535.0,5150906.0,77555307.0,429721319.0,228368096.0,3876708.0,5861992.0,3483714.0,4897827.0,43567592.0,144631228.0,11139949.0
2021-05-01,255490879.0,5338029.0,93235861.0,458674991.0,253576460.0,4013349.0,6056622.0,3657382.0,5478474.0,49829483.0,135146029.0,11865590.0
2021-06-01,349058412.0,5109051.0,93816315.0,597561927.0,264281492.0,4023431.0,5878381.0,3895186.0,5542238.0,48787897.0,106686134.0,12350906.0
2021-07-01,406146144.0,5402647.0,88390046.0,680854811.0,275326372.0,4164733.0,5987532.0,4185549.0,6255477.0,48767478.0,86862210.0,12992463.0
2021-08-01,407418403.0,5347709.0,81312589.0,690941751.0,277885324.0,4125569.0,5878151.0,4122049.0,7779965.0,47868040.0,108284486.0,13258691.0
2021-09-01,315507361.0,5372724.0,68089067.0,552725407.0,258080124.0,3898416.0,5746416.0,3936752.0,6355907.0,44857665.0,115991211.0,12021888.0
2021-10-01,250288577.0,5275148.0,68531742.0,527441698.0,227778020.0,3928894.0,5759882.0,4248463.0,6198348.0,37072684.0,128860445.0,11340659.0
2021-11-01,229251457.0,5462166.0,77493001.0,489963796.0,250997272.0,3878267.0,5572569.0,3483167.0,6681110.0,31180862.0,143004361.0,11560138.0
2021-12-01,240098382.0,5937556.0,94247500.0,510575539.0,282879348.0,4291667.0,6145933.0,3718075.0,6239551.0,24363799.0,159396107.0,12534359.0
2022-01-01,350352914.0,5880566.0,96790455.0,539790056.0,282307500.0,4116282.0,5726958.0,4018982.0,14677092.0,31287423.0,149665284.0,12423422.0
2022-02-01,283865506.0,4971537.0,85282271.0,459781661.0,247408708.0,3600219.0,5222458.0,3543740.0,6941993.0,36108227.0,150578509.0,11588420.0
2022-03-01,244075093.0,5145348.0,97745665.0,449909007.0,252614804.0,3916073.0,5705358.0,3811932.0,5834943.0,46778431.0,172122193.0,11734583.0
2022-04-01,221316536.0,5128316.0,80263340.0,422023287.0,221158160.0,3764862.0,5367788.0,3684271.0,5108239.0,53608172.0,184668382.0,10945747.0
2022-05-01,250126974.0,5308207.0,93435115.0,508374225.0,253526496.0,3883826.0,5482936.0,4145678.0,5723089.0,60483124.0,168494794.0,11620149.0
2022-06-01,293852411.0,5105560.0,103951180.0,622068016.0,262861680.0,3835423.0,5491451.0,3946911.0,6321236.0,64211913.0,135070125.0,12178264.0
2022-07-01,345659888.0,5365908.0,98269823.0,756168635.0,275427676.0,3927416.0,5624008.0,4333932.0,6129943.0,63064707.0,117899913.0,13104465.0
2022-08-01,340858605.0,5416042.0,84531795.0,755438539.0,275587668.0,3694621.0,5515020.0,4032782.0,6307984.0,58011808.0,98873670.0,12824960.0
2022-09-01,259993284.0,5317534.0,68104588.0,627791416.0,254932744.0,3380195.0,5259290.0,3946078.0,6360117.0,53146407.0,109324536.0,11457254.0
2022-10-01,216913836.0,5193890.0,57469675.0,533966154.0,235781532.0,3375895.0,5473390.0,3871306.0,6245768.0,47767519.0,130978535.0,10497457.0
2022-11-01,225507853.0,5586876.0,71592586.0,510093748.0,248165148.0,3456817.0,5272815.0,3642985.0,5917417.0,33610914.0,164795388.0,11460171.0
2022-12-01,293523566.0,5927938.0,81718168.0,562862133.0,276376588.0,3505247.0,5392159.0,3910568.0,16157148.0,27108982.0,154718131.0,12019374.0
2023-01-01,245428132.0,5680020.0,91016870.0,553356419.0,283480320.0,3559841.0,5366547.0,3779634.0,5617139.0,31224183.0,153431909.0,11678446.0
2023-02-01,185496636.0,5206172.0,79844570.0,499567782.0,243227428.0,3117868.0,4823037.0,3565353.0,6513766.0,37738351.0,165697077.0,10130107.0
2023-03-01,200382410.0,5767440.0,85325605.0,534230807.0,251281772.0,3164105.0,5112998.0,4113115.0,4952495.0,48851247.0,174335011.0,10817704.0
2023-04-01,160930416.0,5422084.0,79278432.0,479511067.0,226649832.0,2980661.0,4745122.0,3465454.0,4676257.0,60246565.0,170982028.0,9342161.0
2023-05-01,175214641.0,5381164.0,110605166.0,549182713.0,244620772.0,3432864.0,5361110.0,4045632.0,4839839.0,69124191.0,128908723.0,10614294.0
2023-06-01,231085999.0,5173536.0,86288958.0,647404017.0,259276780.0,3355577.0,5221815.0,3896797.0,5068594.0,71334796.0,110187898.0,10315755.0
2023-07-01,315612865.0,5184356.0,87910937.0,797155267.0,279550352.0,3490527.0,5332790.0,4183285.0,6460662.0,75577242.0,112018239.0,11030017.0
2023-08-01,312446856.0,5067776.0,85172351.0,795999740.0,278976092.0,3463159.0,5335560.0,4350838.0,6437093.0,70976199.0,113576711.0,11536691.0
2023-09-01,239835462.0,5258376.0,67662912.0,664603511.0,262238840.0,3103846.0,4906463.0,3933687.0,5943548.0,62331293.0,113413323.0,10290966.0
2023-10-01,203730974.0,5679640.0,62690237.0,562618698.0,245742528.0,3350216.0,5213609.0,3694134.0,5132862.0,56482847.0,144079463.0,9269366.0
2023-11-01,204837421.0,5758552.0,68102730.0,541430875.0,249030576.0,3381404.0,5211363.0,3834407.0,4338338.0,41784446.0,145781512.0,10335370.0
2023-12-01,225459293.0,5890476.0,76110593.0,599191413.0,275417384.0,3429640.0,5709344.0,4248826.0,4951487.0,36450027.0,152153453.0,11097481.0
2024-01-01,302763905.0,5684152.0,87744025.0,640542022.0,276318940.0,3224709.0,5227389.0,4285511.0,7456876.0,38958410.0,139721828.0,11458924.0
2024-02-01,176232360.0,5272828.0,80421225.0,523948421.0,258335248.0,2878660.0,4759667.0,3064938.0,3925091.0,49956516.0,166247480.0,10169367.0
2024-03-01,153558437.0,5156658.0,93282563.0,522417291.0,253383076.0,2770036.0,4900372.0,2875169.0,3912998.0,63361358.0,182563288.0,10464321.0
2024-04-01,149289622.0,5342730.0,77505182.0,485128387.0,230485992.0,2581106.0,4612614.0,3066688.0,4661123.0,76404307.0,189523468.0,10089541.0
2024-05-01,183650867.0,4992534.0,90467356.0,574471316.0,259891860.0,3232514.0,5121094.0,3095493.0,4728917.0,88836474.0,154770341.0,11147642.0
2024-06-01,245571570.0,5106823.0,84686410.0,677228296.0,272768588.0,2941547.0,4883814.0,3520920.0,5269736.0,97174548.0,152641648.0,10961096.0
2024-07-01,286745177.0,5322178.0,84750170.0,830869430.0,279540968.0,3074191.0,5161460.0,3416436.0,5787195.0,96801891.0,111882158.0,11069863.0
2024-08-01,275351840.0,5273578.0,85456544.0,812299616.0,279041152.0,2915791.0,5209241.0,3445819.0,5822566.0,96221334.0,115055851.0,11301330.0
2024-09-01,218512424.0,5106659.0,66663028.0,677573758.0,250641872.0,2667592.0,4920394.0,2963069.0,4533419.0,81055419.0,115980823.0,10433405.0
2024-10-01,187829342.0,4800310.0,63285430.0,585390980.0,235093396.0,2465974.0,4940023.0,2481648.0,4417391.0,78099231.0,160215294.0,9186748.0
2024-11-01,179978751.0,5037785.0,73103685.0,548165655.0,247616204.0,2866569.0,4807421.0,3031587.0,4334534.0,55513359.0,163842165.0,10218310.0
2024-12-01,251553874.0,5588219.0,81537313.0,581460048.0,284800392.0,2873785.0,4918614.0,3981845.0,6217953.0,51768257.0,161372276.0,10997871.0
